class_index,review_text
4,well-done film
1,characters ramble
3,the intensity that made her an interesting character to begin with
1,'s not really funny
2,stuffs
3,somewhere in the story of Matthew Shepard
1,'s a slow study : The action is stilted and the tabloid energy embalmed .
2,of quick cutting and blurry step-printing to goose things up
3,hugely entertaining
1,kinda wrong in places
3,grand as The Lord of the Rings
2,is as appalling as any ` comedy '
2,been better off staying on the festival circuit
2,of the picture
2,unnecessary parts
2,was essentially
2,Hawn and
1,fills time
2,gulp
2,mid-seventies
4,star-power potential in this remarkable and memorable film
2,to make movies
1,because it plays everything too safe
2,exalted tagline
3,original
2,that women from Venus and men from Mars can indeed get together
1,` juvenile delinquent ' paperbacks
2,in so many teenage comedies
2,undeserved
2,Sven Wollter as the stricken composer and
2,at 80 minutes
2,killer Jeffrey Dahmer
2,doubles
3,appealing veneer
1,that is impossible to care about and is n't very funny
2,could say about Narc
4,a wonderfully warm human drama that remains vividly in memory long
2,over 90
3,A fleet-footed and pleasingly upbeat family diversion .
1,What with all the blanket statements and dime-store ruminations on vanity
3,decent performance
1,debut can be accused of being a bit undisciplined
2,Forget the Psychology 101 study of romantic obsession
1,provide much more insight than the inside column of a torn book jacket
2,turns that occasionally fortify this turgid fable
0,half-baked setups and
0,The Sweetest Thing leaves a bitter taste .
2,the first frame to the last
2,the hypocrisies of our time
4,into a sane and breathtakingly creative film
2,a prim widow
3,new energy
1,becomes lifeless and
2,is right at home in this French shocker
3,Seeing Seinfeld at home
2,were it not for the supporting cast
2,the dynamic he 's dissecting
2,breasts
0,you 'll need a stronger stomach than us .
2,better-focused than the incomprehensible Anne Rice novel
3,the dreams of youth
2,that incorporates rotoscope animation for no apparent reason except
2,on some elemental level
2,feel much
2,copies
2,with somber earnestness in the new adaptation of The Cherry Orchard
2,this movie strangely enough
0,an appalling ` Ace Ventura ' rip-off
2,much to say beyond the news
1,admittedly problematic in its narrative specifics
1,jumps around
1,profane and exploitative as the most offensive action
2,to the film 's direction
1,a minimal number
2,Marina 's could survive the hothouse emotions of teendom
2,from painful
3,hits the target audience -LRB- young Bow Wow fans -RRB-
2,splitting up
2,movies starring pop queens
1,as it is flavorless
2,promised -LRB- or threatened -RRB- for
3,like a well-made PB & J sandwich
3,truly in love with a girl
0,The Adventures of Pluto Nash is a whole lot of nada .
1,strangling the life out
1,disturbing
1,-LRB- which might have been called Freddy Gets Molested by a Dog -RRB-
1,a bad name
2,a real subject
4,epic cinema
1,of the grief
3,'s simultaneously painful and refreshing
2,transplant a Hollywood star
1,the rest are padding unashamedly appropriated from the teen-exploitation playbook
2,goes out of its way to introduce obstacles for him to stumble over .
2,the female condition
1,genre a bad name .
2,the one-hour mark
2,about growing up in a dysfunctional family
2,Taymor -RRB-
1,to hold onto what 's left of his passe ' chopsocky glory
3,edge
1,a lazy exercise
1,an unbalanced mixture of graphic combat footage and
2,its impacts upon the relationships of the survivors
1,would fit Chan like a $ 99 bargain-basement special
2,and Ron Clements
3,from stark desert
1,The Emperor 's Club turns a blind eye to the very history it pretends to teach .
2,every corner
2,Juwanna Mann ? ''
2,turn a larky chase movie
1,'s not exactly worth
3,a fine cast
2,have the restraint to fully realize them
3,The emotion is impressively true for being so hot-blooded
2,no reason to care
2,Buries
2,enough wit
4,powerful and deeply moving
2,males
2,within
2,Ziyi
4,have the worthy successor to A Better Tomorrow and The Killer which they have been patiently waiting for
2,in the title role
3,entertaining British hybrid
1,torture
3,A muddle splashed with bloody beauty as vivid as any Scorsese has ever given us .
4,the best and most mature comedy of the 2002 summer season speaks more of the season than the picture
3,on it
2,was Earnest
1,the movie would be impossible to sit through
2,who helped
0,is virtually unwatchable .
1,Trying to make head or tail of the story in the hip-hop indie Snipes is enough to give you brain strain --
2,is nit-picky about the hypocrisies of our time
2,confining color to Liyan 's backyard
2,sequences that make you
2,physics
4,A compelling story of musical passion against governmental odds
1,Just a string of stale gags
1,am baffled by Jason X.
2,the kind of movie where people who have never picked a lock do so easily after a few tries and become expert fighters after a few weeks
4,spellbinding
2,is n't that the basis for the entire plot
4,many ways the perfect festival film :
2,Holofcener 's film offers just enough insight to keep it from being simpleminded
3,ultimately unpredictable
3,terrific to read about
3,abundant
1,get a cinematic postcard that 's superficial and unrealized .
3,Often hilarious .
2,process or even
1,little objectivity
4,warmth
3,recommend this film
1,shlockmeister
0,horrible
2,A brain twister
2,at its seams
3,becomes an overwhelming pleasure
1,the ` wow ' factor
2,the roots of his own preoccupations and obsessions
2,maintaining consciousness just
0,many bona fide groaners among too few laughs
0,What 's missing in Murder by Numbers is any real psychological grounding for the teens ' deviant behaviour .
4,have made a remarkable film that explores the monster 's psychology not in order to excuse him but rather to demonstrate that his pathology evolved from human impulses that grew hideously twisted .
3,of the world 's greatest teacher
2,` sub '
2,gravity and
2,that 's not too glorified a term
2,nearly 21\/2 hours
3,a standard-issue crime drama spat out from the Tinseltown assembly line .
3,intelligent and considered in its details
2,why somebody might devote time to see it
2,Veterans
2,Scherfig 's
2,the `` real '' portions of the film
3,you 're a fan of the series
4,the astute direction of Cardoso and beautifully detailed performances by all of the actors
2,takes aim on political correctness and suburban families
0,with bogus profundities
2,Slackers
2,Night Live
2,Piccoli 's
2,other year
2,Tambor and
2,vain
2,you scratching your head in amazement over the fact that so many talented people could participate in such an
2,clearly evident
2,recent digital glitz
3,'re all in this together
2,turning grit and vulnerability into light reading
2,Diane Lane 's
0,obscenely bad
2,hero worship
2,Lane
3,the film buzz and whir ;
2,been raised above sixth-grade height
2,large ...
1,an ancient librarian whacking a certain part of a man 's body
3,be pleasant in spite of its predictability
2,did n't make me want to lie down in a dark room with something cool to my brow
2,bathos
3,add up to a moving tragedy with some buoyant human moments .
3,mixes in as much humor as pathos to take us on his sentimental journey of the heart
2,Yvan Attal
2,to repulse any generation of its fans
2,Inc.
2,upon the original hit movie
2,we settle for
3,to be spectacularly outrageous
2,costumes by Gianni Versace
4,One of the most splendid entertainments to emerge from the French film industry in years .
1,soggy performances
1,of the worst possibilities of mankind
0,lame comedy .
1,a bitter taste
4,Fabulous
2,traces
1,gap
2,all those jokes
4,a whip-crack of a buddy movie
2,are thin and scattered
1,is a pity
2,The color sense
1,an unfunny movie that thinks it 's hilarious
2,by Spader and Gyllenhaal
2,most of whom
2,make Mel Brooks ' Borscht Belt schtick look sophisticated .
2,of a documentary
2,of production design
4,A visual spectacle full of stunning images and effects
2,Mr. Broomfield
1,starts off as a satisfying kids flck becomes increasingly implausible as it races through contrived plot points
1,hardly enough
2,Peter Jackson
0,We do n't get paid enough to sit through crap like this .
0,there surrender $ 9 and 93 minutes of unrecoverable life
3,The story is smart and entirely charming in intent and execution .
3,talented thesps
1,-- all are irrelevant to the experience of seeing The Scorpion King .
2,base level
2,of Palestinian and Israeli children
4,radiates star-power potential in this remarkable and memorable film
2,this documentary
1,waits grimly for the next shock without developing much attachment to the characters
3,Blessed with a searing lead performance by Ryan Gosling -LRB- Murder by Numbers -RRB-
2,the very people
2,Paxton 's uneven directorial debut fails to unlock the full potential of what is in many ways a fresh and dramatically substantial spin on the genre .
1,so-called ` comedy '
2,angry bark
2,most of the actors
2,in danger of going wrong
2,ages-old
3,some sort of beacon of hope
2,for these characters
3,so many talented people
2,adolescent boys
2,boy weirdo role
2,American Indian Spike Lee
2,Dahmer 's two hours
1,made from a completist 's checklist rather than with a cultist 's passion .
2,so
2,pop-induced
2,of that background for the characters
2,autocritique
3,objective documentary
2,administration 's
2,church-wary
2,the characters ' -RRB-
3,are well done and perfectly constructed to convey a sense of childhood imagination
3,creative team
3,elegant and sly deadpan
2,-LRB- it -RRB-
2,for the role
3,scare while we delight in the images
1,high points to keep this from being a complete waste of time
2,expensive
3,of what was created for the non-fan to figure out what makes Wilco a big deal
2,quintet
2,any Oscars
2,probe questions
2,persnickety problems
2,common concern
3,can tolerate the redneck-versus-blueblood cliches that the film trades in
2,artsy pretensions
2,Fulford-Wierzbicki ... deftly captures the wise-beyond-her-years teen
1,comedy only half as clever as it thinks it is
1,is just too bad the film 's story does not live up to its style .
0,drown yourself in a lake afterwards
2,Argentinian
1,tired
3,you reach the finale
2,staggered from the theater and
3,acceptable
0,A terrible movie that some people will nevertheless find moving .
2,into such message-mongering moralism
0,'s a road-trip drama with too many wrong turns .
2,total washout
2,shows you why
2,action and jokes
1,that they 're playing characters who sometimes feel more like literary conceits than flesh-and-blood humans
3,reminds me of a vastly improved Germanic version of My Big Fat Greek Wedding
4,contemporary Chinese life this exciting new filmmaker has brought to the screen
2,be distinguished from a mediocre one by the better film 's ability to make its subject interesting to those who are n't part of its supposed target audience
2,the unfolding crisis
2,of his budget
1,is too often like looking over the outdated clothes and plastic knickknacks at your neighbor 's garage sale
0,comes across as lame and sophomoric in this debut indie feature
2,dirgelike score
3,If you 're not deeply touched by this movie
2,Zishe
0,One of the more glaring signs of this movie 's servitude to its superstar is the way it skirts around any scenes that might have required genuine acting from Ms. Spears .
4,liked this film a lot ...
0,What a great shame that such a talented director as Chen Kaige has chosen to make his English-language debut with a film so poorly plotted and scripted .
3,is better .
0,headed down the toilet with the ferocity of a frozen burrito after an all-night tequila bender
2,wherein our hero must ride roughshod over incompetent cops to get his man
2,you already like this sort of thing
2,more than body count
2,before the pathology set in
2,Broomfield has compelling new material but
0,Derailed by bad writing and possibly also by some of that extensive post-production reworking to aim the film at young males in the throes of their first full flush of testosterone .
3,a touching love story
4,Viveka Seldahl and Sven Wollter will touch you to the core in a film you will never forget -- that you should never forget .
3,hand-held camera and documentary feel
2,premise and
1,not-so-Divine
2,par for the course for Disney sequels
1,of lazy tearjerker that gives movies about ordinary folk a bad name
1,Suffers from unlikable characters and a self-conscious sense of its own quirky hipness
1,You leave feeling like you 've endured a long workout without your pulse ever racing .
2,if possible -RRB-
3,the resourceful Molly
2,trembling
2,I suppose it 's lovely that Cal works out his issues with his dad and comes to terms with his picture-perfect life
2,pasty lumpen
2,Tom Tykwer
2,answers
0,derive from this choppy and sloppy affair
2,Ritchie 's film
2,the Russian word
2,nothing but a camera
1,need of a scented bath
2,is no doubt
3,can not help be entertained by the sight of someone getting away with something
4,The film is explosive
2,and at
2,the all-too-familiar saga
2,Goldbacher -RRB-
3,a dazzling conceptual feat
4,gorgeously strange movie
2,chewy
2,time-switching myopic mystery
2,hot-button issues
1,banal as the telling
2,more fun
3,scoring high for originality of plot
2,did n't mind all this contrived nonsense a bit
2,free of her old life
0,a tendency to sag in certain places
2,Stuart and
2,italicized
2,unburdened
2,youthful and
2,Mermaid
2,looking down at your watch
2,be liked by the people who can still give him work
2,CIA
4,Dench who really steals the show
1,doofus
1,it was only made for teenage boys and wrestling fans
2,confronting
1,Losin ' his fan base
2,what to whom
0,never comes close to recovering from its demented premise
2,Ryoko Hirosue
2,A soap-opera quality twist
2,Plympton 's
1,better at fingering problems than finding solutions
2,a Jerry Bruckheimer
1,annoying rather than charming
2,logical loopholes
2,of `` Lilo ''
3,is a wartime farce in the alternately comic and gut-wrenching style of Joseph Heller or Kurt Vonnegut .
2,following your dream and
1,Owen Wilson know a movie must have a story and a script ?
4,'s always enthralling
2,too preachy
1,it 's undone by a sloppy script
2,why it works as well
1,in sorrow
2,its content
2,we know it
3,watching A Walk To Remember
2,did they film performances
2,you choose to make
2,Writer\/director David Caesar
2,historical pageants
1,lower I.Q.
3,even witty
2,and solemn words
3,powerful 1957 drama
3,giddy and whimsical and relevant today
3,that leads up to a strangely sinister happy ending
0,a badly handled screenplay
2,challenged
2,vicarious redemption
1,is not
2,Tunisian film I
2,the core
3,a disquieting and thought-provoking film
2,is still straining to produce another smash
2,is loaded with familiar situations
2,David Koepp
2,from both sides
3,enough energy and excitement
0,is awful .
1,where the upbeat ending feels like a copout
2,you rolling your eyes in the dark
3,comic voice
0,seriously dumb
3,the mood is laid back
2,to scream
2,psychology not in order to excuse him but rather to demonstrate that his pathology evolved from human impulses that grew hideously twisted
1,a pressure cooker of horrified awe
2,computer-generated images are the norm
2,-LRB- and exotic dancing -RRB-
1,the worst possibilities
2,into her own work
2,old and scary
2,Crush
2,an ingenue
1,more than sketches ... which leaves any true emotional connection or identification frustratingly out of reach
1,David Spade as Citizen Kane ?
2,The Ya-Ya 's have many secrets and one is -
1,frightening late fees
2,The production values
1,to guilt-trip parents
2,surreal kid 's picture
2,The Mask
2,athlete
2,the historical
2,were the last movie left on earth
4,'s still a rollicking good time for the most part
2,eventual awakening
2,put in service of of others
2,comic book
3,pretty decent
2,self-destructive man
2,as long as there 's a little girl-on-girl action
2,pull an arrow out
0,An unholy mess
2,Adrian
4,the highest production values you 've ever seen
1,bores
2,than a few
3,The real charm
4,imaginative
2,from any other
2,Marcken and Marilyn Freeman
2,two men
2,flurries
1,It reduces the complexities to bromides and slogans
2,mikes
2,to a Kiss
2,escapist fare
3,allows a gawky actor like Spall -- who could too easily become comic relief in any other film --
3,funny stuff in this movie
4,a sterling ensemble cast
3,Horns and Halos benefits from serendipity but also reminds us of our own responsibility to question what is told as the truth .
2,school swimming
2,continuity
2,be a character study
4,a captivating drama
2,are immune to the folly of changing taste and attitude .
2,shedding
2,found in anime like this
2,a dumb story
4,one of a really solid Woody Allen film
2,not to mention gently political
3,is actually one of its strengths .
2,coda
2,its expiry date
1,superficial and unrealized
2,your skin and
2,Pamela
2,for corniness and cliche
2,'s praises
2,abstract Frank Tashlin comedy
2,expectation
2,Instead of making his own style
1,are uncomfortably strained .
2,about inspirational prep-school professors
2,O'Fallon
2,grasping actors ' workshop
3,whose engaging manner and flamboyant style
1,this obscenely bad dark comedy
3,swallow thanks to remarkable performances by Ferrera and Ontiveros
3,entirely convincing about The Quiet American
2,of The Graduate
2,the Vertical Limit
1,like done-to-death material
2,most aggressive
3,proves surprisingly serviceable
2,What John does
2,taking angry potshots
2,the process of trimming the movie to an expeditious 84 minutes
1,of a legal thriller
2,painting this family dynamic for the audience
2,marking off
2,The script by Vincent R. Nebrida
1,Linklater
3,the delight of discovery
1,by a director so self-possessed he actually adds a period to his first name
2,never heard
2,called
1,Lilo & Stitch '' is n't the most edgy piece of Disney animation to hit the silver screen
2,unravels
2,big corner office
2,small-budget film
2,technology to take the viewer inside the wave
2,acting talents
2,tiny revelations
1,paved with good intentions leads to the video store
4,a satisfying evening at the multiplex
2,it interested
2,the issue
2,of Dickens ' grandeur
2,like you 've endured a long workout without your pulse ever racing
0,is a load of clams left in the broiling sun for a good three days
2,Shapiro
1,and it is n't that funny
2,does to the experiences of most teenagers .
2,dual
2,something Galinsky and Hawley could have planned for
2,one big point to Promises
2,do bad things to and with each other in `` Unfaithful . ''
2,like one of those conversations
1,to have been lost in the translation this time
1,this dreck
2,The narrator and the other characters
4,contrasting the sleekness of the film 's present with the playful paranoia of the film 's past
2,pull an arrow out of his back
1,sure where self-promotion ends and the truth begins
2,hotter
2,waiting for things to happen
2,and Mr. Pryce
2,in Williams
2,an unlikely release
1,bad action-movie line
2,self-esteem
2,relaxed
2,British persona
3,a seriously intended movie
3,moralizing
1,is n't a very
1,combined with indoctrinated prejudice
1,cheesy
2,castle
4,`` Red Dragon '' is entertaining .
2,an average student 's self-esteem
2,glamour and sleaze
2,Jones
3,it must be said that he is an imaginative filmmaker who can see the forest for the trees .
3,smarter and subtler
2,be of interest
2,idea -LRB- of middle-aged romance -RRB-
1,through the audience 's meat grinder one more
3,as funny
2,the action speeds up
0,that just seem like a bad idea from frame one
2,aesthetics
1,stitched together from stock situations and characters
1,on some levels
4,Very well-written and very well-acted
2,that was right about Blade
2,City locations
3,is a greater attention to the parents -- and particularly the fateful fathers -- in the emotional evolution of the two bewitched adolescents .
1,undistinguished attempt to make a classic theater piece
1,by childlike dimness and a handful of quirks
1,More trifle than triumph .
2,abroad
1,make a film in which someone has to be hired to portray Richard Dawson
1,'s an unhappy situation
2,more fragile
3,a feature debut that is fully formed and remarkably assured
3,the big metaphorical wave that is life -- wherever it takes you
2,a Globetrotters-Generals game
3,satisfying kids flck
2,the second half
3,never fails him
3,particularly memorable
3,ENOUGH is just the ticket you need .
2,in still-raw emotions
1,overrun modern-day comedies
3,on the strength of their own cleverness
1,the limited chemistry created by Ralph Fiennes and Jennifer Lopez
2,may put off insiders and outsiders alike
4,a spectacular performance - ahem
2,odd but
1,that miss
3,to big box office bucks all but guaranteed
3,ca n't miss it .
2,feeling like you 've endured a long workout without your pulse ever racing
2,slow study
2,balancing its violence with Kafka-inspired philosophy
1,lightweight female empowerment
2,Alfred Hitchcock 's thrillers
2,its sob-story trappings
3,likely to see all year
2,the face of life 's harshness
1,whatever flaws Igby Goes Down may possess
3,because he gives the story some soul
4,a solid cast
2,Cristo
2,While it has definite weaknesses
2,recreating it an
2,in 1952
2,a spiritual aspect of their characters ' suffering
2,martinet music instructor
3,the astonishingly pivotal role
2,scenic appeal
2,for the malls
1,me realize that we really have n't had a good cheesy B-movie playing in theaters since ... well ... since last week 's Reign of Fire
0,a frustrating patchwork :
3,a lot of energy
2,Wraps itself
2,Selby
2,Raymond J. Barry as the ` assassin '
2,of the resonant and sense-spinning Run Lola Run
1,Only masochistic moviegoers need apply .
3,stakes out the emotional heart of Happy .
2,up ending
1,sleepwalk through vulgarities in a sequel you can refuse
1,surprisingly anemic disappointment
1,apparently nobody here bothered to check it twice .
2,John Ridley
4,rendered with such clarity
2,whose restatement
1,too heavy for the plot
0,sit through about 90 minutes of a so-called ` comedy ' and not laugh once
2,style and themes
2,to stomach so much tongue-in-cheek weirdness
2,Sea swings
2,Dirty Deeds
1,Filmmaker Stacy Peralta has a flashy editing style that does n't always jell with Sean Penn 's monotone narration
0,a shameless ` 70s blaxploitation shuck-and-jive sitcom
3,the respect they
3,More good than great but Freeman and Judd make it work .
2,such a character
3,Director Peter Kosminsky gives these women a forum to demonstrate their acting ` chops ' and they take full advantage .
1,think this movie loves women at all
1,becomes one more dumb high school comedy about sex gags and prom dates
2,formulaic mainstream movies
1,who are trying to make their way through this tragedy
3,Fiji diver Rusi Vulakoro and the married couple Howard and Michelle Hall -RRB-
3,to have the best of both worlds
3,Often shocking but ultimately worthwhile
2,As underwater ghost stories go
2,most mature
3,a nice change of mindless pace in collision
1,a re-hash
2,feral in this film
1,is n't downright silly
3,is widely seen and debated with appropriate ferocity and thoughtfulness
3,love .
1,chaotic
2,had already seen that movie
4,it also treats the subject with fondness and respect
2,of day
4,Simultaneously heart-breaking and very funny
3,smart-aleck movie
2,all its social and political potential
3,pop up in nearly every corner of the country
1,the anguish that can develop when one mulls leaving the familiar to traverse uncharted ground
2,75
4,dismantle the facades that his genre and his character construct is a wonderous accomplishment of veracity and narrative grace
2,situation romance
2,in handy
2,a household name
0,milking a played-out idea -- a straight guy has to dress up in drag -- that shockingly manages to be even worse than its title
3,New Age-inspired good intentions
2,pregnancy
2,being `` in the mood '' to view a movie as harrowing
2,He drags it back
1,of self-congratulation between actor and director
1,fantasy pablum
1,also decidedly uncinematic
3,music you may not have heard before
2,the damage
2,high-strung but flaccid
4,able to create an engaging story that keeps you guessing at almost every turn
3,be fertile sources of humor
2,the humiliation of Martin
3,have put together a bold biographical fantasia
4,the still-inestimable contribution they have made to our shared history
3,treat for its depiction on not giving up on dreams when you 're a struggling nobody
2,the new thriller
3,find millions of eager fans
1,a total lack of empathy
3,similarly styled Gremlins
1,ruins itself
2,using an omniscient voice-over narrator in the manner of French New Wave films
2,acerbic laughs
2,`` hi
2,of the cult
2,'ll be shaking your head all the way to the credits
0,'s no real reason to see it
2,a caricature
3,A coming-of-age movie
1,by a self-indulgent script
2,about ready to go to the U.N. and ask permission for a preemptive strike
2,enough unexpected twists
2,pre-WWII drama
2,yarn .
2,hushed
2,the boy puppet Pinocchio
2,low
2,By not averting his eyes
2,either Esther 's initial anomie
1,slack execution
3,that `` Pretty Woman '' wanted to be
1,the very special type of badness that is Deuces Wild
2,Got a David Lynch
2,unsaid
1,were once amusing
2,a bit more craft
2,visual sequence
2,any in the heart-breakingly extensive annals of white-on-black racism
0,stuck in an inarticulate screenplay
3,decent kid-pleasing
2,heights
2,scary about feardotcom
2,serial
2,does somehow
3,an inspired portrait of male-ridden angst and the emotional blockage that accompanies this human condition
1,beginning with the pale script
1,too blatant
2,To the degree
2,toddler
2,usual bad boy weirdo role
2,quiet blue eyes
3,some interesting storytelling devices
3,first-class
2,to the key grip
2,sticking its head
3,'s work as well as a remarkably faithful one .
2,compromised by that
2,careful handling
4,`` The best Disney movie
0,'ll wait in vain for a movie to happen
2,take a look at his kin 's reworked version
1,if you have no interest in the gang-infested
3,establishes a realistic atmosphere that involves us in the unfolding crisis
0,grows on you -- like a rash .
2,Nachtwey
4,very charming and funny
2,do n't care who fires the winning shot
3,a lesson in prehistoric hilarity .
2,enough sweet and traditional romantic
2,in where filmmaking can take us
2,Does an impressive job of relating the complicated history of the war
2,#NOM?
2,is little question
3,a cinematic poem
0,Pair that with really poor comedic writing ...
1,delete key
3,a flick boasting this many genuine cackles
2,blended
2,does because of the performances
2,the auditorium feeling
2,black
2,as Cho may have intended
2,between XXX and Vertical Limit
3,had been developed with more care
2,turf wars
1,utter loss personified in the film 's simple title
3,It 's an experience in understanding a unique culture that is presented with universal appeal .
2,cultivation and devotion
2,Made for teens and reviewed as such
4,humane and important
2,prefer
2,Eyre 's -RRB-
2,Einstein 's
2,bad guys
2,Ong 's
2,scary parts
2,of the mill
2,than any other recent film
3,genuinely bone-chilling tale
2,and thoughtful and brimming
2,after-school special
2,deep-seated
1,winds up feeling like a great missed opportunity
3,yet surprisingly entertaining
3,of pleasure or sensuality
2,'re all naughty
1,for it other than its exploitive array of obligatory cheap
2,subtitles and the original Italian-language soundtrack
2,Reno -RRB-
3,surprisingly funny movie
2,than many
3,are easy to forgive because the intentions are lofty
2,by showing the humanity of a war-torn land
3,Berry 's saucy
2,previously gave us `` The Skulls ''
1,morally bankrupt
2,are ones in formulaic mainstream movies .
1,trite and overused
1,liberal doses
1,just another situation romance
2,the company of others
1,unsettling subject matter
2,the haphazardness
2,flirts with bathos and pathos and the further Oprahfication of the world
2,a slew
3,serenity and discipline
3,draws its considerable power
2,their bodies exposed
3,A memorable experience
2,redeeming about this movie
3,raw urban humor
3,to let the earnestness of its execution and skill of its cast take you down a familiar road with a few twists
2,refers
2,feel guilty about it
2,moments of real pleasure to be found in Sara Sugarman 's whimsical comedy Very Annie-Mary but not enough to sustain the film
2,From both a great and a terrible story
1,'s no good answer to that one .
3,youthful and good-looking diva
2,from an American director in years
2,you do n't laugh
2,the young Bette Davis
3,are The Greatest Musicians of All Time
1,whenever the film 's lamer instincts are in the saddle
2,of Mostly Martha
2,Puts to rest any
2,rappers
2,Live-style parody
2,Abagnale 's
1,be in video stores by Christmas
2,the picture compelling
2,If it 's unnerving suspense you 're after
1,low-tech magic realism
3,Vincent Gallo is right at home in this French shocker playing his usual bad boy weirdo role .
1,mutates into a gross-out monster movie with effects that are more silly than scary
3,the buoyant energy level of the film 's city beginnings
2,at hardass American
1,A handsome but unfulfilling suspense drama more suited to a quiet evening on PBS than a night out at an AMC .
3,whole family
2,does Rabbit-Proof Fence find the authority it 's looking for .
2,billing
2,Aniston -RRB- has always needed to grow into a movie career
2,you think it 's in danger of going wrong
4,breathtakingly assured and stylish
1,With its parade of almost perpetually wasted characters
2,'s not an easy one to review .
1,is really only one movie 's worth of decent gags to be gleaned from the premise
2,the corporate circus
2,its 2002 children 's
2,The leads we are given here
0,cold-fish
2,marketable
2,write and deliver
2,Right Thing
1,modern action\/comedy buddy movie whose only nod to nostalgia is in the title
2,personality type
3,my ribcage
2,been born to make
2,thumbing his nose at convention
2,a loop
2,is any indication
0,by a script that assumes you are n't very bright
3,a worthwhile environmental message
1,... a pretentious and ultimately empty examination of a sick and evil woman .
2,this quirky soccer import
2,start
0,really bad imitation
3,keep you reasonably entertained
2,there 's
4,A slam-bang extravaganza that
4,makes an amazing breakthrough in her first starring role
2,Interview With the Assassin is structured less as a documentary and more as a found relic
2,take on the soullessness of work in the city
2,thematic heft
3,each moment of this broken character study is rich in emotional texture
2,more emphasis
2,to have directly influenced this girl-meets-girl love story
1,is n't that Stealing Harvard is a horrible movie -- if only it were that grand a failure
1,to a climax that 's scarcely a surprise by the time
1,decomposition
1,are so unmemorable
2,Less about Shakespeare than the spawn of fools who saw Quentin Tarantino 's handful of raucous gangster films and branched out into their own pseudo-witty copycat interpretations .
2,of more recent successes such as `` Mulan '' or `` Tarzan
3,the Battle Bots
2,leaping
2,all men
2,Escape From New York series
3,Quentin Tarantino 's climactic shootout
2,altered footage
2,tight pants and big tits
1,by the time the credits roll across the pat ending
0,Get out your pooper-scoopers .
1,it never seems fresh and vital .
2,Solondz 's thirst
1,feel sanitised and stagey .
2,of the working class to life
0,am more offended by his lack of faith in his audience than by anything on display here
1,that gives pic its title an afterthought
0,MTV schmucks
2,as much as it gives out
2,anything approaching a visceral kick
2,its insights
2,of ` Nicholas Nickleby '
0,wo n't stand the cold light of day
2,wave
2,with the film
2,is never really a true `` us '' versus `` them ''
2,you think that every possible angle has been exhausted by documentarians
2,In visual fertility
2,disparate
4,splendid production design
3,as does its sensitive handling of some delicate subject matter
1,overblown and
2,Middle East struggle
2,one truth
2,more darkly
0,hopes to camouflage how bad his movie is
2,from Bebe Neuwirth
2,over every point
3,struck less by its lavish grandeur
2,half-sleep
3,a major director
3,the visual panache
2,' we nod in agreement .
2,the first installment
3,soul-searching
2,to Catherine Breillat 's Fat Girl
2,in an American film
2,departs from his fun friendly demeanor in exchange for a darker unnerving role
2,of living mug shots
2,gone the way of Don Simpson
2,as raw
1,be another shameless attempt by Disney to rake in dough from baby boomer families
2,the timeless danger
1,is n't very good
4,combines the enigmatic features of ` Memento ' with the hallucinatory drug culture of ` Requiem for a Dream .
4,surprisingly well
2,of `` Abandon ''
2,Britney 's latest album
2,at and not a Hollywood product
2,the constraints of its source
2,the raising of something other
2,to everybody
2,corn
3,a good ear for dialogue
2,very history
3,very right
2,turbulent
1,makes me feel weird \/ Thinking about all the bad things in the world \/ Like puppies with broken legs \/ And butterflies that die \/ And movies starring pop queens
3,addition to gluing you to the edge of your seat
2,urine
1,careless and
1,the movie has no idea of it is serious
1,crap is what I was expecting
3,creative instincts
1,bears a grievous but obscure complaint against fathers
3,believe Silberling had the best intentions here
1,And people make fun of me for liking Showgirls .
4,Moore provides an invaluable service by sparking debate and encouraging thought .
3,A beautiful paean to a time long past .
2,B movie way
2,the couple 's
1,almost unimaginable horror
2,who has seen The Hunger or Cat People
1,playful without being fun
2,have never
1,infuriatingly quirky and taken with its own style .
2,doodled Steamboat Willie
4,gorgeous and finely detailed
4,it is a whole lot of fun
1,too-extreme-for-TV
2,of the film 's virtues
3,Visually breathtaking
4,are scenes of cinematic perfection that steal your heart away .
2,inner consciousness
2,balances
3,winning flight of revisionist fancy
1,are advised to sit near the back and squint to avoid noticing some truly egregious lip-non-synching
2,schedule
1,with lingering questions about what the film is really getting at
2,more ambivalent
2,if that 's not too glorified a term --
2,at a window
3,The enjoyable Undercover Brother
2,Monty Pythonesque flavor
3,frightening and compelling
2,blues and
2,Quaid 's
2,minus
2,galore
2,-LRB- the Funk Brothers -RRB-
2,new world
2,to his closest friends
2,took
2,Donovan and Mary-Louise Parker
2,Sade set
4,a great piece to watch with kids and use to introduce video as art
2,'ll be lucky
0,'ll be thinking of 51 ways to leave this loser .
1,milks drama when she should be building suspense
2,in its own head
2,The Hot Chick
1,This New Zealand coming-of-age movie is n't really about anything .
2,elicited no sympathies for any of the characters
2,is n't going to win any Academy Awards
2,designed to garner the film a `` cooler '' PG-13 rating
2,is given relatively dry material from Nijinsky 's writings to perform
2,to ride bikes
3,wholesome fantasy
2,can hardly
2,is playing the obvious game
2,see Robin Williams and psycho killer
2,target demographics
2,XXX ''
2,docs
0,tumbleweeds blowing through the empty theatres
2,relatively effective little
3,meets those standards
2,in films like Tremors
2,deliver nearly enough of the show 's trademark style and flash
2,no other reason
0,will need all the luck they can muster just figuring out who 's who in this pretentious mess
2,Boyd 's film offers little else of consequence
1,to sober us up with the transparent attempts at moralizing
2,answer
2,the now middle-aged participants
2,American audiences will probably find it familiar and insufficiently cathartic
3,are great rewards here
2,those intended for adults
2,been there squirm with recognition
2,of its archival prints and film footage
2,to do with it
2,the rocky path
2,all in one
2,that she never lets her character become a caricature -- not even with that radioactive hair
2,plenty of sturm
2,it plays like a reading from Bartlett 's Familiar Quotations
0,does n't deserve the energy it takes to describe how bad it is
2,occupied for 72 minutes
1,flopping
2,like about Men
2,Triumph of Love
2,all the
2,of goofy grandeur
2,lurks
2,the killer
2,was a better film .
2,pacing typical Hollywood war-movie stuff
2,the more details slip out between his fingers .
3,at once visceral and spiritual
2,for a modern-day urban China
2,and General Tso 's
2,very fast
2,inevitable future sequels
2,indelible
2,lowered
1,but overall the Halloween series has lost its edge
2,runs on a little longer
3,part of that delicate canon
2,to go on and on
2,Swim
3,more fascinating than the results
2,becomes narrative expedience
1,lack their idol 's energy and passion for detail .
2,a little peculiar
2,everyone 's bag of popcorn
3,virtuous
1,Die
2,makes it
1,Suffice to say its total promise is left slightly unfulfilled .
3,constant fits of laughter
2,an actor 's
2,that there is really only one movie 's worth of decent gags to be gleaned from the premise
2,Wait for it to hit cable
1,the kind of movie Toback 's detractors always accuse him of making
2,Trailer park Magnolia :
2,whose face
2,an hour 's worth
2,of the story
3,an amusement
2,by avoiding eye contact and walking slowly away
2,in Pauline & Paulette
3,could young romantics out on a date
2,more accurately
2,with the audience
2,actually were a suit
3,reveal his impressively delicate range
4,been remarkable
4,an uppity musical beat that you can dance to
3,a light touch
2,the highest
2,family fare
1,copout
3,Sleek and arty .
2,do with it
1,4Ever is neither a promise nor a threat so much as wishful thinking .
2,Janice
2,Twin Peaks action
1,film that suffers because of its many excesses .
2,too clever by half
2,The tonal shifts are jolting
3,deliciously nonsensical comedy
3,'' is an actor 's movie first and foremost .
3,post-Tarantino
2,the way Chekhov is funny -RRB-
1,The Weight of Water comes to resemble the kind of soft-core twaddle you 'd expect to see on Showtime 's ` Red Shoe Diaries . '
2,that may strain adult credibility
2,light of the fine work done by most of the rest of her cast
2,been right at home as a nifty plot line in Steven Soderbergh 's Traffic fails to arrive at any satisfying destination
2,a block of snow
3,at how much we care about the story
1,to make such a worthless film
2,Goliath
2,the Monty formula mercilessly
2,switches gears to the sentimental
1,that it 's too close to real life to make sense
1,drama
2,George Lucas
0,impossible
1,Sweet Home Abomination
2,Strip it
0,feels like a hazy high that takes too long to shake
1,artificial and opaque
2,blips
3,are lean and tough enough to fit in any modern action movie
2,is indifferent
3,the intriguing premise
2,this is n't
1,America 's thirst for violence
2,aimed specifically at a grade-school audience
2,secretions
2,actory concoctions
2,Less cinematically powerful than quietly and
4,You can take the grandkids or the grandparents and never worry about anyone being bored ... audience is a sea of constant smiles and frequent laughter .
2,modest aspirations
2,in other cultures
3,is intriguing
3,turn on many people
2,watch the film twice or pick up a book on the subject
1,the vagueness
3,a wonderfully warm human drama that remains vividly in memory long after viewing
1,arduous journey
2,shows and empathizes with the victims he reveals
2,the gravity of its subject matter
3,the audience other than to sit back and enjoy a couple of great actors hamming it up
2,portraying the devastation of this disease
2,tells you
1,sure is getting old .
2,significantly
3,farcically bawdy fantasy
1,even caught the gum stuck under my seat trying to sneak out of the theater
3,a high water mark
3,rowdy participants
3,very expressive
2,Bond-inspired ?
3,it equals the original and in some ways even betters it
2,more than exposes the roots of the skateboarding boom that would become `` the punk kids ' revolution .
2,the extremes of screwball farce and blood-curdling family intensity on one continuum
1,It 's hard to believe that something so short could be so flabby .
2,'re in the mood for something
2,Turpin 's film allows us to chuckle through the angst
2,makes up for in effective if cheap moments of fright and dread .
2,A simple tale of an unlikely friendship
3,has injected self-consciousness into the proceedings at every turn .
2,Wasabi
2,into this Thornberry stuff
2,has this franchise ever
2,the set of Carpenter 's The Thing
2,depends a lot on how interesting and likable you find them .
1,totally lacking
4,be moved to the edge of their seats by the dynamic first act
1,they were insulted and
3,written so well
1,buck or
2,the first production
3,denuded
3,dramedy '
1,life 's harshness
2,justify
1,has a tougher time balancing its violence with Kafka-inspired philosophy
2,Scott
1,highly predictable
3,we all lose track of ourselves by trying
2,peroxide blond honeys
2,write and
1,gets caught up in the rush of slapstick thoroughfare .
3,reveals meaning
1,through its hackneyed elements
2,cops
1,barf
2,grown-ups
3,Stands as one of the year 's most intriguing movie experiences
3,is strong as always .
1,themselves are n't all that interesting
3,is never lethargic
3,The author 's devotees will probably find it fascinating
4,provides an invaluable service by sparking debate and encouraging thought
2,it 's not as obnoxious as Tom Green 's Freddie Got Fingered
3,beat-the-clock thriller
2,that can develop when one mulls leaving the familiar to traverse uncharted ground
2,noir spirit
3,quite enough of them
2,to compromise his vision
2,could change tables
2,in the Playboy era
1,is as bad at it is cruel
2,orchestrated
2,imagery or music
2,to shame
2,among
3,dreamy
2,his stepmom
3,For serious film buffs
2,all manner
2,is never
2,that that implies
3,awarded mythic status
2,how to make a point with poetic imagery
2,vagina
3,a delightfully dour
3,plucks
2,his family-film plot
3,the ` laughing
3,complaining when a film clocks in around 90 minutes these days
2,situations and dialogue
2,really closer
2,in a role
2,Another love story
2,with loads of CGI and bushels of violence
3,impart a message without bludgeoning the audience over the head
0,could force you to scratch a hole in your head
3,Japanese director Shohei Imamura 's latest film is an odd but ultimately satisfying blend of the sophomoric and the sublime .
2,musical comedy
1,I was trying to decide what annoyed me most about God is Great
3,'s a testament to the film 's considerable charm
2,found the movie as divided
2,did the same
2,'s still a good yarn -- which is nothing to sneeze at these days .
2,remarkably faithful
3,is to be mesmerised
0,just plain awful
2,filmmakers Anne de Marcken and Marilyn Freeman
2,cinematic icons
3,quietly moving moments and an intelligent subtlety
2,of watching O Fantasma
2,as three
2,Damon\/Bourne
2,Its flame-like
1,Any intellectual arguments being made about the nature of God are framed in a drama so clumsy
2,pap
2,step back and
2,foreign in American teen comedies
1,does n't overcome the tumult of maudlin tragedy
3,artistry
3,is attractive
2,A cross between Blow and
2,with the casting of Juliette Binoche
2,grow into
3,is more accurate than anything
1,are likely to be as heartily sick of mayhem as Cage 's war-weary marine
2,awash
4,naturally charming
4,Beautifully crafted and cooly unsettling ... recreates the atmosphere of the crime expertly
3,be the performances of their careers
2,At the end of the movie
1,faced and spindly attempt at playing an ingenue makes her nomination as best actress even more of a an a
1,make it sting
1,here is nothing but a convenient conveyor belt of brooding personalities that parade about as if they were coming back from Stock Character camp -- a drowsy drama infatuated by its own pretentious self-examination .
1,like watching an Alfred Hitchcock movie after drinking twelve beers
1,the pale script
2,the seesawing of the general 's fate in the arguments of competing lawyers
4,a better movie experience
3,'s an adventure story and history lesson all in one .
2,watching it now
2,doubt an artist
4,gets a lot of flavor and spice
2,tear-stained vintage Shirley Temple script
1,who seem barely in the same movie
2,fool 's
2,two daughters
0,Lurid and less than lucid work
0,of story and his juvenile camera movements
2,viewing discussion
2,Even a hardened voyeur
1,dip in Jerry Bruckheimer 's putrid pond of retread action twaddle .
2,is ultimately thoughtful without having much dramatic impact .
2,like adults and everyone
3,colors the picture in some evocative shades
2,every gangster movie
2,give all three stories
2,Witherspoon 's -RRB-
3,surrealistic
3,is a towering siren .
2,has shown up at the appointed time and place
1,while the movie is slightly less successful than the first
2,preoccupations and obsessions
2,light-footed
2,of the Iranian new wave
4,a satisfying well-made romantic comedy
2,Benigni 's Italian Pinocchio
2,for a non-narrative feature
3,an equally impressive degree
2,and\/or restroom
2,Queens
2,#NOM?
3,exudes the urbane sweetness that Woody Allen seems to have bitterly forsaken .
2,Safe Conduct
2,his sister
2,filmmaker David Flatman
2,rode the Zipper after eating a corn dog and an extra-large cotton candy
2,romantic comedy boilerplate from start to finish
1,flat and
1,Eight Legged Freaks wo n't join the pantheon of great monster\/science fiction flicks that we have come to love ...
0,unfunny wannabe
1,to let this morph into a typical romantic triangle
0,horribly depressing
3,one man 's treasure
2,even the
1,at all the wrong times
1,Foolish Choices
4,Like the best 60 Minutes
2,works only if you have an interest in the characters you see
4,hard to conceive anyone else in their roles
2,One thing 's for sure --
0,How can you charge money for this ? '
2,the same advice
2,for the first 89 minutes
1,crazy confluence
3,the climactic hourlong cricket match
3,seem appealing
2,of plot
2,Brothers\/Abrahams
1,feels conceived and shot on the fly -- like between lunch breaks for Shearer 's radio show and his Simpson voice-overs
2,all-too-familiar dramatic arc
2,daredevils
2,sort
0,The film is way too full of itself ;
0,barely tolerable
2,need a shower
2,a moving camera
2,Harvey Weinstein 's
2,to ponder my Thanksgiving to-do list
4,A terrifically entertaining specimen of Spielbergian
1,the most unpleasant things
1,witless
2,thousands
2,disabled
2,by Hong Kong master John Woo
2,some
2,abstract
2,a Sandra Bullock vehicle or a standard romantic comedy
4,a brilliant director and charismatic star
2,30 years
3,that has something to say
2,wide supply
1,piecing the story together frustrating difficult
2,Just about everyone
1,to his series of spectacular belly flops both on and off the screen
4,marks him as one of the most interesting writer\/directors working today .
3,The effort is sincere and
2,with player masochism
4,is fabulously funny and over the top as a ` very sneaky ' butler who excels in the art of impossible disappearing\/reappearing acts
2,100-year
3,the emotional heart
2,to look away for a second
3,it avoids the obvious with humour and lightness
3,between being wickedly funny and just plain wicked
2,will stay with you
2,Weddings
2,suffers
3,proficiency
3,'' wanted and quite honestly
2,Has a customarily jovial air but a deficit of flim-flam inventiveness
3,is a heartfelt story
2,relevant than 9 1\/2 Weeks
2,top-billed
2,ca n't
0,the same old garbage
2,its points
3,logical
2,of Sommers 's title-bout features
2,hit the screen in years
4,is one of world cinema 's most wondrously gifted artists and
2,as the action speeds up
2,promised
1,the ambiguous ending seem goofy rather than provocative
3,of warmth
1,taboo subject matter
2,part romance novel
3,an extraordinary faith in the ability of images
2,escort their little ones to megaplex screenings
2,the operative word
1,strongly reminiscent
2,fit in
3,a more sheerly beautiful film
3,rather shapeless good time
2,human experience
2,through on-camera interviews
1,may really need the company of others
2,instead of an endless trailer
2,If only Merchant paid more attention the story
1,Mandel Holland 's direction is uninspired
2,the suavity or classical familiarity of Bond
2,as estrogen-free
2,to great films
2,jerky hand-held camera and documentary feel
3,would look like something like this
2,to see this picture
2,and provocative sexual
2,few pieces
1,` this is a story without surprises
2,A chick flick for guys .
2,buddy
2,current climate
2,innocent boy
2,on a leash -- far too polite to scale the lunatic heights of Joe Dante 's similarly styled Gremlins
1,an uneasy blend of Ghost
3,he has at least one more story to tell : his own .
2,of rowdy slapstick
3,wo n't have any trouble getting kids to eat up these Veggies
2,that Russians take comfort in their closed-off nationalist reality
2,Starship Troopers
2,a rattling noise
1,dislikable study in sociopathy
1,be a shame if this was your introduction to one of the greatest plays of the last 100 years
2,attempt to complicate the story
2,Weaver and
3,directorial tour de force
2,founding
2,shoestring and
2,the American Dream
2,have subsided
2,water-bound
2,about Jolie 's performance
3,to make up for the ones that do n't come off
2,$ 20 million
0,oo many of these gross
2,more recent successes such as `` Mulan '' or `` Tarzan
2,travel-agency video
3,going on inside each trailer park you drive past -- even if it chiefly inspires you to drive a little faster
0,rank frustration from those in the know about Rubbo 's dumbed-down tactics
2,4 units
2,11 times too many or
2,as impervious to a fall
1,schlocky
2,new way
2,-LRB- Jackson and Bledel -RRB-
2,in Canada
2,record the events
2,may ask
3,shouts classic French nuance
2,Notting Hill
2,Rice
2,Brims
2,plays out ...
2,walker
2,'s worth the price of admission for the ridicule factor
1,callow
2,to startle
4,is acceptable entertainment for the entire family and one that 's especially fit for the kiddies
1,Bland but harmless .
1,do n't think this movie loves women at all
1,class resentment
1,a gentle waking coma
2,art shots
3,riveting set pieces
1,withered
3,would make it a great piece to watch with kids and use to introduce video as art
2,you find them
1,the light of the exit sign
2,Friday in Miami
3,its unsettling force
2,weighs
2,the astronauts
2,that 's held
1,The acting is amateurish
2,emotion or
2,script ?
1,such a horrible movie could have sprung from such a great one
2,bestial
4,compelling and
3,have sprung from such a great one
2,line
2,cooks
2,to do
1,anguished
1,the dangers of ouija boards
2,Dirty Harry
2,`` Looking For Leonard '' just seems to kinda
2,sanitised
3,bang-up job
4,might just be the movie you 're looking for
4,nominated for an Oscar
2,nose
3,the characters are intriguing and realistic
1,a mostly boring affair
3,For all its visual panache and compelling supporting characters
1,and crudely literal
2,a horror movie 's primary goal
0,a fourth-rate Jim Carrey who does n't understand the difference between dumb fun and just plain dumb
2,animated filmmaking
1,saw Juwanna Mann so you do n't have to
2,the heavy doses of weird performances and direction
3,draws its considerable power from simplicity
2,the franchise 's
2,the odds
4,a celebrated wonder in the spotlight
2,do so
4,to which anyone can relate
1,short on plot
3,keen insights
3,Movie Gauge
2,movie adaptation
2,a point in society
4,amusing characters
3,it funny
3,that perfectly captures the wonders and worries of childhood
1,that they are actually releasing it into theaters
3,Madonna gives her best performance since Abel Ferrara had her beaten to a pulp in his Dangerous Game .
2,NBA
2,is that the entire exercise has no real point .
2,weird Masterpiece Theater sketch
2,rapport
1,yield
2,in Hell
2,GUNFIRE
2,the curtain
3,to make a classic theater piece
4,I have n't laughed that hard in years !
2,'re far better served by the source material .
2,the manner of Jeff Foxworthy 's stand-up act
2,might have hoped
2,her nomination as best actress even more of a an a
2,compulsion
2,useless recycling
3,Precocious smarter-than-thou wayward teen
2,a docu-drama
2,a movie has stuck around for this long
2,The film 's overall mood and focus is interesting but constantly unfulfilling .
3,British comedy
2,accept it as life
2,sound system
4,A fascinating case study of flower-power liberation -- and the price that was paid for it .
2,Conduct
3,free
1,from the preposterous hairpiece worn by Lai 's villainous father to the endless action sequences
1,it evaporates like so much crypt mist in the brain
2,fans and producers
3,goofiest stuff
2,seems to have directly influenced this girl-meets-girl love story
2,about `` Chicago '' in 2002
2,Ali MacGraw 's
1,its characters ' decisions
3,juicy role
2,visual sense
3,seem to melt away in the face of the character 's blank-faced optimism
3,impressionistic
2,the flash of rock videos
1,in any way demeaning its subjects
2,Strikes Back ...
1,mumbo jumbo
1,stooping to gooeyness
2,pegged
3,A well-acted movie
0,bitter
2,Axel
2,slapdash
0,Murder by Numbers ' is n't a great movie
2,and far between
2,self-hatred and self-determination
1,I was beginning to hate it
2,hot outside
2,cribbing any of their intelligence
3,faced
1,may put off insiders and outsiders alike .
2,God
2,people who owe
2,docu-Dogma
3,flatter
2,As we have come to learn -- as many times as we have fingers to count on -- Jason is a killer who does n't know the meaning of the word ` quit . '
3,its face
3,good action
2,each others ' affections
2,light showers
2,in making movies
2,for a pop-cyber culture
1,We 've seen the hippie-turned-yuppie plot before
3,creates sheerly cinematic appeal .
3,gentle but insistent sincerity
2,moisture
3,without intent
2,Rose 's
2,about ten feet
2,the slack
2,dry and forceful way
2,a company
3,have a whale of a good time .
2,seduce
2,Go for La Salle 's performance
2,are all
3,surprising emotional depth
2,that we did n't get more re-creations of all those famous moments from the show
1,No surprises .
2,Cletis Tout
2,release
2,intentional or not
2,city 's
2,thinly
3,potentially just as rewarding
2,was unhappy at the prospect of the human race splitting in two
2,than four
3,in which this fascinating -- and timely -- content comes wrapped
1,A big meal of cliches that the talented cast generally chokes on .
1,the point of real interest - -- audience sadism -- is evaded completely
2,for Heaven
1,the `` big twists '' are pretty easy to guess
2,narrative film
2,Don Mullan 's
1,loses its overall sense of mystery and
2,topless and roll
2,Sandra Bullock vehicle
2,of J.R.R. Tolkien 's Middle-earth
2,would fit Chan like a $ 99 bargain-basement special .
2,Isabelle Huppert
3,to the outstanding soundtrack
2,go to a bank manager and
3,wants
1,should have ditched the artsy pretensions and revelled in the entertaining shallows
2,would be all that interesting .
2,the marginal members of society
2,most generic rock star
2,hinge
2,the screenwriter
2,of dollars
3,far more meaningful
2,the trap of pretention
2,self-preservation
2,is not a character in this movie
2,generation 's
1,left the theatre
1,exploitation film
2,done up in post-Tarantino pop-culture riffs
2,entertainments to emerge from the French film industry in years
3,among the studio 's animated classics
1,a re-hash of the other seven films
2,Both Grant and Hoult
2,Chris Sanders
2,those gay filmmakers
2,dramatizing the human cost of the conflict that came to define a generation
1,is a big letdown .
2,Who ?
2,in spots
1,Feels familiar and tired .
3,are fantasti
2,were the third ending of Clue
3,uplifting
1,sugary sentiment and withholds delivery
2,deconstruction
1,the sad schlock merchant of ` Deadly Friend
2,jumbled fantasy comedy
3,both Oscar winners
2,long past
2,thrusts
2,cost
2,for you -
2,his film
2,that our Hollywood has all but lost
2,escaped
2,gets under the skin of the people involved
2,what they did
2,the movie is slightly less successful than the first
3,abundant humanism
2,be in two different movies
3,adds enough quirky and satirical touches in the screenplay to keep the film entertaining
2,revisiting
2,that 's opened between them
2,when a preordained `` big moment '' will occur and not `` if
2,a $ 40 million version
3,a probing examination of a female friendship set against a few dynamic decades
2,rather than one you enter into .
3,this unique director 's previous films
1,The biggest problem
3,look at religious fanatics -- or backyard sheds -- the same way again
2,to watch as two last-place basketball
2,unflinching
3,spiffy bluescreen technique and
2,including the condition of art
2,besides .
2,Open-ended and composed of layer upon layer
0,It makes me say the obvious : Abandon all hope of a good movie ye who enter here .
3,the most entertaining monster movies
1,expect more from director Michael Apted -LRB- Enigma -RRB- and screenwriter Nicholas Kazan -LRB- Reversal of Fortune -RRB-
3,be wholesome and subversive at the same time
2,Italian for Beginners
3,clever pseudo-bio
4,is a masterpiece .
1,is as predictable as the tides
2,Emilie
2,arrow
3,enter
4,the best war movies ever made
3,favored
4,-LRB- Ferrera -RRB- has the charisma of a young woman who knows how to hold the screen .
3,Exciting and
3,enough cool
2,drug-related pictures
2,slot
2,waiting room
3,have seen a comedy
3,Tootsie
2,soft drink
2,this doc
3,the enigmatic Mika and Anna Mouglalis
2,Jiang Wen 's Devils
2,anti-Harry
4,impressive roster
1,with the inherent absurdity of Ganesh 's rise
2,a sobering recount
1,is a such a brainless flibbertigibbet that it 's hard to take her spiritual quest at all seriously .
2,dominant feeling
1,No new plot conceptions
2,warped logic by writer-director Kurt Wimmer at the screenplay level .
2,a momentum
2,its animatronic roots
1,do n't seem to have much emotional impact on the characters
2,dead horse
2,of clinical objectivity
3,fan
2,to hand viewers a suitcase full of easy answers
2,Ismail Merchant 's
2,give you brain strain
1,I do n't see the point
2,carries Arnold -LRB- and the viewers -RRB- into the forbidden zone of sympathizing with terrorist motivations by presenting the `` other side of the story .
2,its steadfast refusal to set up a dualistic battle between good and evil
3,A sweet-tempered comedy
2,his cinematographer
3,mystical
1,decrepit
3,gives it a sturdiness and solidity that we 've long associated with Washington
2,fillers
1,on the whole less
2,to tediously sentimental
2,than triumph
2,than the picture
2,thank goodness for this signpost
1,silly rather than plausible
2,ingest
2,excursion
2,in the way of slapstick sequences
2,his determination to lighten the heavy subject matter
4,make it a great movie
2,Like Kissing Jessica Stein
1,wooden delivery
2,the floor with a sickening thud
3,we do n't avert our eyes for a moment .
3,may be based on a true and historically significant story
2,grab a lump of Play-Doh
0,It 's also not smart or barbed enough for older viewers -- not everyone thinks poo-poo jokes are ` edgy
1,teasing
2,A Meatballs for the bare-midriff generation .
4,in which the talent is undeniable
1,that it appears not to have been edited at all
2,self-deprecating level
2,The Singles Ward occasionally bewildering
2,accommodate
2,most contemporary comedies
2,opening today at a theater near you
2,having been immersed in a foreign culture only to find that human nature is pretty much the same all over
0,allows the film to drag on for nearly three hours
2,hippopotamus
2,to ensnare its target audience
0,'m not exactly sure what this movie thinks it is about .
3,assured in its execution
2,formulaic sports drama
2,Damage
2,cliche with little new added
2,a teenybopper Ed Wood film
3,atypically hypnotic approach
2,hopelessly
4,good surprise ending
3,the imagination
1,difficulty
2,best and mind-destroying cinematic pollution
2,fascinating but choppy
0,a giant step backward
2,in which murder is casual and fun
4,scores a direct hit .
2,uses his characters -- if that 's not too glorified a term -- as art things
3,fighting hard for something that really matters
3,heart-string plucking
2,the otherwise bleak tale
4,first real masterpiece
4,enough cool fun
2,King ''
2,of World War II
2,meet them halfway and
2,big way
2,Dwarfs
3,the right place
1,out by an adult who 's apparently been forced by his kids to watch too many Barney videos
2,date nights
2,staring into an open wound
1,violence and whimsy do n't combine easily
2,being self-important
1,mired in tear-drenched quicksand
2,ten
4,his outstanding performance
2,drew
2,summer
1,It reduces the complexities to bromides and slogans and it gets so preachy-keen and so tub-thumpingly loud it makes you feel like a chump
2,in 1987
3,the wisdom and humor
2,is as conventional
2,either effort
2,of some delicate subject matter
2,Dean 's
1,fewer gags to break the tedium
2,unslick
3,comes alive as its own fire-breathing entity in this picture .
3,it certainly does n't feel like a film that strays past the two and a half mark
2,an actor 's movie
2,a curious sick poetry
2,claws enough
3,A few energetic stunt sequences briefly enliven the film
2,George and Lucy 's most obvious differences
2,it 's being
3,is also a testament to the integrity and vision of the band
3,the cinematography to the outstanding soundtrack and unconventional narrative
2,a lot
3,remarkably cohesive whole
2,pratfalls but little
2,but several movies have
2,vulgar comedy
2,released
2,you engaged
2,Ah Na 's
3,fluff stuffed with enjoyable performances
3,laugh once -LRB- maybe twice -RRB-
2,the movie were all comedy
3,far too polite to scale the lunatic heights of Joe Dante 's similarly styled Gremlins
1,the criminal world
1,men with guns
2,pronounce his next line
1,The exploitative
3,a hip-hop fan to appreciate Scratch
1,mean-spirited and
3,Mr. Koury 's passive technique eventually begins to yield some interesting results .
2,Son of Animal House
2,speaks forcefully enough about the mechanisms of poverty
2,long way
2,'s no working girl
2,original Italian-language soundtrack
2,been brought out of hibernation
3,is Fontaine 's willingness to wander into the dark areas of parent-child relationships without flinching
3,a 10-course banquet
3,biggest names
0,MIB II is a movie that makes it possible for the viewer to doze off for a few minutes or make several runs to the concession stand and\/or restroom and not feel as if he or she has missed anything .
2,The film 's sense
1,that it churns up not one but two flagrantly fake thunderstorms to underscore the action
1,complete wash
3,it would be
1,too ragged to ever fit smoothly together
2,a purpose
2,eye candy
3,its share of belly laughs -LRB- including a knockout of a closing line -RRB-
2,a thick shmear
2,must have read ` seeking anyone with acting ambition but no sense of pride or shame
2,American productions
1,relentlessly folksy
2,less baroque and
3,nearly three decades of bittersweet camaraderie and history
2,hop fantasy
3,any fiction
1,had gone a tad less for grit and a lot more for intelligibility
2,laughs and insight into one of the toughest ages a kid can go through
3,not mean-spirited
3,by the incredibly flexible cast
2,the ` best part ' of the movie comes from a 60-second homage to one of Demme 's good films
2,developing much attachment
2,with so many explosions
2,viewing audience
2,is better-focused than the incomprehensible Anne Rice novel
3,that 's very different from our own and yet instantly recognizable
2,Alternative medicine obviously has its merits ... but Ayurveda does the field no favors
1,old ` juvenile delinquent ' paperbacks with titles
3,virtuosic set pieces
3,ke
2,if you go in knowing that
1,Herzog has fallen
2,its poetic symbolism
3,inspirational drama
2,Bickle
2,on the same stuff you can get for a buck or so in that greasy little vidgame pit in the theater lobby
1,flaws
2,earn
4,phenomenal performances
2,We want the funk - and
2,a rainbow
0,is the kind of film that could only be made by African-Americans because of its broad racial insensitivity towards African-Americans
2,credits roll
2,comparisons
4,is consistently amusing and engrossing
2,time and space to convince us of that all on their own
2,get ready
2,the film 's producers
1,inept and
2,compelling argument
1,shortage
2,of levels
2,if you 're an Elvis person
2,a picture
2,the kids in the house will be gored
2,Warren
0,easily forgettable film .
2,for the last exit from Brooklyn
1,value whatsoever
2,of Disguise 24\/7
1,shapeless and
1,vacant
2,expository
2,no feelings of remorse
3,worth a peek
1,out of a cellular phone commercial
1,looking down at your watch and
2,cues
3,are insightful enough to be fondly remembered in the endlessly challenging maze of moviegoing
1,Decent but dull .
2,-LRB- T -RRB- he ideas of Revolution # 9
1,clunky TV-movie
2,by showing them heartbreakingly drably
2,toys and offers
1,What 's missing in Murder by Numbers
1,acting like puppets
3,the director uses the last act to reel in the audience since its poignancy hooks us completely .
2,to such a knowing fable
2,1952 screen adaptation
2,most of his budget and
2,moaning
2,Friends
2,words do n't really do the era justice
2,a huge set of wind chimes
1,of crucifixion
2,the athleticism
4,mesmerised
1,'s probably not accurate to call it a movie
2,a traditional Indian wedding in contemporary New Delhi
2,day and age
2,by both Steve Buscemi and Rosario Dawson
3,feel genuinely good
2,performed by a quintet of actresses
2,overall effect
2,of his league
1,help overcome the problematic script .
2,like Silence
1,that it can not even be dubbed hedonistic .
2,daily activities
2,actor Ian Holm
2,bother
1,the only belly laughs come from the selection of outtakes tacked onto the end credits
2,does n't just make the most out of its characters ' flaws but insists on the virtue of imperfection .
3,high-octane
2,you come in to the film with a skateboard under your arm
2,save it
3,has never made anything that was n't at least watchable
2,feel my eyelids ... getting
2,'m just
1,Why would anyone cast the magnificent Jackie Chan in a movie full of stunt doubles and special effects ?
1,cheesy B-movie playing
2,wanted more .
2,of merit as this one come along
3,for on-screen chemistry
2,unsettling force
2,only weak claims
1,as bad
1,I wish it would have just gone more over-the-top instead of trying to have it both ways .
3,is actually a compelling look at a young woman 's tragic odyssey .
3,you 'll like it .
3,fourth feature
3,ultimately coheres into a sane and breathtakingly creative film
3,by a strong and unforced supporting cast
1,flat effort
2,haunting
1,can prevent its tragic waste of life
3,shamelessly enjoyed it
2,after you have left the theatre
1,hate it for the same reason
2,would be a more appropriate location to store it
1,blah
2,would anyone
3,is a refreshingly smart and newfangled variation on several themes derived from far less sophisticated and knowing horror films .
3,truth and realism
1,the Sally Jesse Raphael atmosphere
1,I have n't seen such self-amused trash since Freddy Got Fingered .
2,reality and actors
2,of traditional action
3,What saves it ... and makes it
2,scheming
3,survive its tonal transformation from dark comedy to suspense thriller
2,whenever he wants you to feel something
2,Full Frontal plays like the work of a dilettante .
2,those young whippersnappers
3,A psychic journey deep into the very fabric of Iranian ...
1,that it progresses in such a low-key manner that it risks monotony
3,had the inclination to make the most sincere and artful movie in which Adam Sandler will probably ever appear
2,the Queen 's Men
1,scum
2,with binary oppositions
2,over-the-top instincts
2,youth market
0,is so pedestrian that the most positive comment we can make is that Rob Schneider actually turns in a pretty convincing performance as a prissy teenage girl .
3,fruitful
1,a comedian who starts off promisingly but then proceeds to flop
3,A showcase
2,as storytelling
2,surprising shots
3,Wendigo is a genuinely bone-chilling tale .
2,earned
2,particular insight
2,the end result
1,characteristically engorged and
1,Tom Green a grimace
3,of the theater
2,existent
2,emotional
2,their fathers
2,the events
1,A sustained fest of self-congratulation between actor and director that leaves scant place for the viewer .
2,'s a slow study : The action is stilted and the tabloid energy embalmed
3,stylish
2,to quite pull off the heavy stuff
4,that heralds something special
0,Extremely bad .
3,captures the complicated relationships in a marching band
1,the curse of blandness
2,of life 's ultimate losers
2,on several themes derived from far less sophisticated and knowing horror films
1,feel sad
2,otherness
2,the issues
2,including its somewhat convenient ending
2,The film has a childlike quality about it .
2,expose the life of male hustlers
2,the God of Second Chances '
2,as flat as the scruffy sands of its titular community
1,of a film that are still looking for a common through-line
2,to match mortarboards with Dead Poets Society and Good Will Hunting than by its own story
2,an hour or
1,implosion
2,-LRB- or Robert Aldrich -RRB-
3,correctly
2,Speck
3,What 's surprising is how well it holds up in an era in which computer-generated images are the norm .
3,Showtime the most savory and hilarious guilty pleasure of many a recent movie season
2,comin ' at ya --
1,locales
4,so much first-rate talent
2,Anne-Sophie Birot
2,two crimes
4,would n't turn down a big bowl of that
4,I shamelessly enjoyed it
3,both charming
3,with wit and originality
3,affectingly
4,see this terrific film with your kids --
2,in the crowded cities and refugee camps of Gaza
1,Less-than-compelling documentary of a Yiddish theater clan
3,of its grand locations
1,waking coma
2,cloying messages and
4,a movie that accomplishes so much that one viewing ca n't possibly be enough
3,a nifty plot line in Steven Soderbergh 's Traffic
2,sturm und drang
2,Too intensely
3,a sweet and sexy film
2,'s in
1,is fatal for a film that relies on personal relationships
2,a P.O.W.
4,will likely be nominated for an Oscar next year
0,It 's not a motion picture ; it 's an utterly static picture
3,articulates the tangled feelings of particular New Yorkers deeply touched by an unprecedented tragedy .
2,interviewees
1,distracted by the movie 's quick movements
2,not far down the line
2,pink jammies
1,reality tv obsession
3,Christian-themed fun
2,there 's nothing to drink
4,an impressive and highly entertaining celebration of its sounds
2,and Michelle Hall
3,wholly
2,if it were less densely plotted
4,remarkable movie
2,make a convincing case for the relevance of these two 20th-century footnotes .
3,flashy twists
2,to define his hero 's background or motivations
2,Vice '' checklist
1,bottom
0,It 's quite an achievement to set and shoot a movie at the Cannes Film Festival and yet fail to capture its visual appeal or its atmosphere .
2,a classroom play
2,movie length
1,portrayals
1,that the movie has no idea of it is serious or not
3,has secrets buried at the heart of his story and knows how to take time revealing them
1,pale
3,contemporary southern adolescence
1,Disreputable doings and exquisite trappings are dampened by a lackluster script and substandard performances .
2,keep things on semi-stable ground
2,nubile
2,conned right up to the finale
2,then you 'll enjoy The Hot Chick .
2,a needlessly
3,are instantly recognizable
2,A hypnotic
2,Viva
2,a much needed kick
2,made-for-home-video
2,Tarantino movie
4,This is a movie you can trust .
2,beat by a country mile
2,comes alive only when it switches gears to the sentimental .
0,gives new meaning to the phrase ` fatal script error . '
1,probably be one of those movies barely registering a blip on the radar screen of 2002 .
2,by a movie
2,glitzy
1,endlessly superficial .
2,feel something
2,but not sophomoric
1,this silly con job
0,pretty stupid
1,in a dead-end existence
2,patient viewer
3,engaging characters
3,it 's an opera movie for the buffs .
3,of what it actually means to face your fears
2,Eddie Murphy
2,quirky tunes
1,May lack the pungent bite of its title
2,of a copy of a copy
2,to bring Kissinger 's record into question and explain how the diplomat 's tweaked version of statecraft may have cost thousands and possibly millions of lives
2,bounces around
1,very meticulously but without any passion
2,on empathy
3,see the movie
0,a disastrous ending
2,marginally better shoot-em-ups
1,shot two years ago
2,female friendship that men can embrace and women
2,exclamation
2,The innate theatrics
2,underplays the long-suffering heroine
3,'s mildly interesting to ponder the peculiar American style of justice that plays out here
2,recreated by John Woo in this little-known story of Native Americans and their role in the second great war
2,J. Barry
2,free-wheeling
3,they engage and even touch us
2,out midway
2,is Japanese
2,is a perceptive study of two families in crisis -- and of two girls whose friendship is severely tested by bad luck and their own immaturity .
2,source novel
1,more frustrating
3,be most in the mind of the killer
1,derisive
2,begins to resemble the shapeless
2,'s replaced by some dramatic scenes that are jarring and deeply out of place in what could have -LRB- and probably should have -RRB- been a lighthearted comedy
3,satisfying during a summer of event movies than a spy thriller like The Bourne Identity that 's packed with just as much intelligence as action
2,Wittgenstein and Kirkegaard
2,go out on a limb
3,the memorable character creations
2,fide
3,that it emerges as another key contribution to the flowering of the South Korean cinema
0,is more frustrating than a modem that disconnects every 10 seconds .
1,cheap scam
2,beasts
1,all the bouncing
1,blandness
2,`` Clockstoppers
3,My Wife 's plotting is nothing special ; it 's the delivery that matters here
2,Pumpkin struts about with `` courage '' pinned to its huckster lapel while a yellow streak a mile wide decorates its back .
3,manages to maintain both a level of sophisticated intrigue and human-scale characters that suck the audience in
2,countless filmmakers
1,cumbersome
3,a rounded and revealing overview of this ancient holistic healing system
1,desperation
2,flashes
2,movie mojo
2,more from director Michael Apted -LRB- Enigma -RRB- and screenwriter Nicholas Kazan -LRB- Reversal of Fortune -RRB-
1,unexplainable
2,Randall Wallace film
2,` Manhunter '
2,a somber trip worth taking
2,the Intermezzo strain
1,Horrendously
2,Cage 's
2,filmmaking
3,keep - 'em
2,recording industry
2,shop
2,shiny
1,the chatter of parrots raised on Oprah
2,the pantheon of Billy Bob 's body of work
2,a tradition-bound widow
2,all ages --
2,` urban drama
2,refusing
2,give Pinochet 's crimes
2,peanut butter
2,that incorporates so much
0,an excruciating film
2,between art and commerce
2,this film you 'll know too
2,the experiences
3,more watchable
3,Great fun both for sports aficionados and for ordinary louts whose idea of exercise is climbing the steps of a stadium-seat megaplex .
2,Christmas Future for a lot of baby boomers
2,into Austen
4,enjoyably over-the-top
1,virtually impossible
2,the uneven performances
1,Borrows from other movies like it in the most ordinary and obvious fashion .
2,action sequences
0,has neither the charisma nor the natural affability that has made Tucker a star
0,Aggravating and tedious
1,that does not move
1,wildcard
2,liberation movement
4,in a joyous communal festival of rhythm
2,afflicts so many movies about writers
0,it 's not a very good movie in any objective sense
2,The English Patient and
3,radioactive hair
2,it were subtler
3,Nice piece of work
2,its own viability
3,A frustrating yet deeply watchable melodrama
2,it was hot outside and
4,most multilayered and sympathetic female characters
2,view
0,Highly uneven and inconsistent
1,to remake Sleepless in Seattle again and again
2,referred to
2,flash that loneliness can make people act weird .
2,week 's
3,starts with a legend
2,crafted here
2,knocks
2,practice
1,badness that is Deuces Wild
1,Windtalkers airs just about every cliche in the war movie compendium across its indulgent two-hour-and-fifteen-minute length .
1,insufferable ball
2,can not be faulted
0,bland animated sequel
2,deeply and
3,from `` promising ''
3,has an odd purity that does n't bring you into the characters so much as it has you study them .
2,is just what you get
2,of this type
3,Iwai 's gorgeous visuals
2,waterlogged version
2,to be the purr
1,overladen with plot conceits
2,the tides
1,be most effective if used as a tool to rally anti-Catholic protestors
2,'s all gratuitous
2,'ve ever seen in the many film
1,the film founders on its lack of empathy for the social milieu - rich New York intelligentsia - and its off
2,when Carol Kane appears on the screen
0,Thumbs down .
2,zips along with B-movie verve
0,The plot is paper-thin and the characters are n't interesting enough to watch them go about their daily activities for two whole hours .
2,There has been a string of ensemble cast romances recently ... but
1,'s undeniably hard to follow
3,of veracity and narrative grace
3,Swept Away '
2,have heard before
2,most American
0,is just as ill-fitting as Shadyac 's perfunctory directing chops
3,thrives on its taut performances and creepy atmosphere
3,whimsical comedy
2,the plot should be
2,the hands
2,Shum 's
4,that even the stuffiest cinema goers will laugh their \*\*\* off for an hour-and-a-half
2,perpetual pain
4,that most frightening of all movies --
1,did I miss something ?
2,released in this condition
2,if Ohlinger 's on the level or merely
2,from the pack
3,Big Bad Love
3,any sexual relationship that does n't hurt anyone and works for its participants
3,the timeless spectacle
3,has a brain
2,Not exaggerated
3,get all five
2,in explicit detail
4,makes you crave Chris Smith 's next movie
3,overcome his personal obstacles and become a good man
4,makes a wonderful subject for the camera
2,Capra
2,does n't this film have that an impressionable kid could n't stand to hear ?
2,scruffy
3,persistence that is sure to win viewers ' hearts
2,!? '
0,to justify the embarrassment of bringing a barf bag to the moviehouse
2,Possession
2,drinker
1,Dismally dull sci-fi comedy
2,1991 dog Rover
1,plain wacky implausibility
2,flick any day of the week
3,intermittently wise
3,Smoke Signals
2,him sing the lyrics to `` Tonight
2,cartoonish
3,is that it has a screenplay written by Antwone Fisher based on the book by Antwone Fisher .
2,steadily building up to the climactic burst of violence
1,'s not life-affirming -- its vulgar
2,of those war movies
2,Celebi could take me back to a time before I saw this movie
2,Lilia 's journey
2,for the cable-sports channel and its Summer X Games
2,A biopic about Crane 's life in the classic tradition
1,emotionally manipulative and sadly imitative of innumerable past Love Story derisions
2,an unresolved moral conflict jockey
2,does n't offer any easy answers
3,are also
1,seem to have been conjured up only 10 minutes prior to filming
3,tackled a meaty subject
1,to disguise it as an unimaginative screenwriter 's invention
2,aims for poetry
2,gone-to-seed
2,behind-the-scenes navel-gazing Kaufman
3,of great monster\/science fiction flicks
3,Runs on the pure adrenalin of Pacino 's performance
3,is hypnotic
3,soulful and
2,make a guest appearance to liven things up
1,Blandly
3,taking place
0,an expiration date passed a long time ago
2,central wedding sequence
3,for a touching love story
2,the actors spout hilarious dialogue about following your dream and ` just letting the mountain tell you what to do . '
1,like shooting fish in a barrel
2,the project surrounding them
1,... its three-hour running time plays closer to two .
2,nearly enough of the show 's trademark
1,#NOM?
2,Jolie 's performance
2,Alternates
2,one is
3,in various wet T-shirt and shower scenes
2,rise
3,have found a cult favorite to enjoy for a lifetime
2,can refuse
2,Idemoto and
2,Rorschach test
2,Loosely speaking
2,is hardly
0,Grating and tedious
0,itself is just SOOOOO tired .
3,from laugh-out-loud
3,will guarantee to have you leaving the theater with a smile on your face
3,gentle and engrossing
2,old crank
2,the grayish quality
2,up the Pieces
3,cool event
2,his character 's deceptions
1,Saddled with an unwieldy cast of characters and angles
2,The film 's constant mood
2,What can one say about a balding 50-year-old actor playing an innocent boy carved from a log ?
3,continues her exploration of the outer limits of raunch with considerable brio
2,all-inclusive
2,is laughable in the solemnity with which it tries to pump life into overworked elements from Eastwood 's Dirty Harry period
2,overtly
2,its name
1,doubt that Peter O'Fallon did n't have an original bone in his body
3,freedom to feel contradictory things
1,can only be described as sci-fi generic
2,take me
2,can not even
2,reside
2,freshly considers arguments the Bard 's immortal plays
3,romanticized rendering
2,love story for those intolerant of the more common saccharine genre
2,a purposefully reductive movie -- which may be why it 's so successful at lodging itself in the brain
1,the surprisingly shoddy makeup work
3,`` wild ride ''
2,at teenage boys
3,Great over-the-top moviemaking if you 're in a slap-happy mood
2,you to believe
4,the year 's best and most unpredictable comedy
4,breathtaking adventure
2,with the hot Oscar season currently
2,occasionally bewildering
2,the beloved-major
2,mill
1,is too long with too little going on
2,acted by Diane Lane and Richard Gere
3,than special effects
2,meanspirited
1,makes it possible for the viewer to doze off for a few minutes or make several runs to the concession stand and\/or restroom and not feel as if he or she has missed anything
4,It sends you away a believer again and quite cheered at just that .
2,the back row
2,bought
2,rap
1,does n't have a passion for the material
2,the con and the players
2,Caruso sometimes descends into sub-Tarantino cuteness ... but
2,mental gullets
1,have saved the film is with the aid of those wisecracking Mystery Science Theater 3000 guys
3,fairly solid -- not to mention
2,a social injustice
3,April
2,T -RRB-
3,on a board
1,the negative and the script
1,ca n't remember a single name responsible for it
2,Naqoyqatsi
2,any definitive explanation
2,contraption
1,can tell almost immediately that Welcome to Collinwood is n't going to jell
3,make a convincing case for the relevance of these two 20th-century footnotes
0,But one thing 's for sure : It never comes close to being either funny or scary .
2,Bridget Jones 's Diary
3,A virtual roller-coaster ride of glamour and sleaze
2,a little more dramatic tension
3,satisfying movie experience
2,where Changing Lanes is going to take you
3,It will make you think twice about what might be going on inside each trailer park you drive past -- even if it chiefly inspires you to drive a little faster .
3,surprises
2,movie star
2,casual moviegoers
2,fifties
4,One of the best movies of the year
2,is neither a promise nor a threat so much as wishful thinking
2,backstage bytes of information
2,Yong
1,strip-mined the Monty formula mercilessly since 1997
2,at Wesley Snipes ' iconic hero doing battle with dozens of bad guys -- at once
2,into a movie career
1,own pretentious self-examination
1,all the halfhearted zeal
2,'s Something About Mary co-writer Ed Decter
1,do n't know if Frailty will turn Bill Paxton into an A-list director
1,when she should be building suspense
2,giggly little story
2,the oddest and
2,American Dream
4,with plenty of entertainment value
3,a meditation on the deep deceptions of innocence
2,savour
3,turning one man 's triumph of will into everyman 's romance comedy
1,faked
2,like one
2,nothing remotely topical or sexy
2,Lonely Boy
1,Viewers of Barney 's crushingly self-indulgent spectacle
2,share her one-room world for a while
2,should be most in the mind of the killer
1,shave ice without the topping
1,rank
2,strike
2,Every sequel
2,Under Siege 3
1,oo many of these gross out scenes
2,film noir movie
2,Four Weddings and
3,the darling of many a kids-and-family-oriented cable channel
2,possesses its own languorous charm
2,a prism
3,a solid movie about people whose lives are anything but
2,S1M0NE
2,its undoing
2,shout
2,as many subplots
2,a watercolor background
1,appeal to those without much interest in the Elizabethans -LRB- as well as rank frustration from those in the know about Rubbo 's dumbed-down tactics -RRB-
2,ca n't handle the truth '' than High Crimes
2,goes nowhere
3,create some episodes that rival vintage Looney Tunes for the most creative mayhem in a brief amount of time
2,the uninitiated
2,outs
2,classy in a '60s
0,fall fast asleep
2,Oedekerk
2,a suitcase full of easy answers